number	username	url	branch	created_at	updated_at	pushed_at
208	phjppo0918	https://github.com/phjppo0918/java-menu.git	phjppo0918	2022-12-17 08:53:19	2022-12-17 08:41:38	2022-12-17 08:59:12
207	lmw7414	https://github.com/lmw7414/java-menu.git	lmw7414	2022-12-17 04:00:17	2022-12-17 04:00:02	2022-12-17 08:59:20
206	areyouhun	https://github.com/areyouhun/java-menu.git	areyouhun	2022-12-17 04:00:20	2022-12-17 04:00:02	2022-12-17 08:51:40
205	seokjin8678	https://github.com/seokjin8678/java-menu.git	seokjin8678	2022-12-17 04:00:07	2022-12-17 04:00:02	2022-12-17 08:52:29
204	jindaram-stu	https://github.com/jindaram-stu/java-menu.git	jindaram-stu	2022-12-17 04:00:11	2022-12-17 04:00:02	2022-12-17 08:59:43
203	songks0922	https://github.com/songks0922/java-menu.git	songks0922	2022-12-17 04:00:08	2022-12-17 04:00:02	2022-12-17 08:59:15
202	JoungMinJu	https://github.com/JoungMinJu/java-menu.git	JoungMinJu	2022-12-17 04:00:08	2022-12-17 04:00:02	2022-12-17 08:57:15
201	MinjeongKong	https://github.com/MinjeongKong/java-menu.git	MinjeongKong	2022-12-17 04:00:13	2022-12-17 04:00:02	2022-12-17 08:50:27
200	Ridealist	https://github.com/Ridealist/java-menu.git	Ridealist	2022-12-17 04:00:14	2022-12-17 04:00:02	2022-12-17 08:58:53
199	dclxxi	https://github.com/dclxxi/java-menu.git	dclxxi	2022-12-17 04:00:16	2022-12-17 04:00:02	2022-12-17 08:59:49
198	akskflwn	https://github.com/akskflwn/java-menu.git	akskflwn	2022-12-17 04:00:24	2022-12-17 04:00:02	2022-12-18 09:47:03
197	ejaee	https://github.com/ejaee/java-menu.git	ejaee	2022-12-17 04:00:15	2022-12-17 08:36:26	2022-12-17 08:59:42
196	hj-k66	https://github.com/hj-k66/java-menu.git	hj-k66	2022-12-17 04:00:32	2022-12-17 04:00:02	2022-12-17 08:59:31
195	kwonyj1022	https://github.com/kwonyj1022/java-menu.git	kwonyj1022	2022-12-17 04:00:22	2022-12-17 04:00:02	2022-12-17 08:48:05
194	hojunking96	https://github.com/hojunking96/java-menu.git	hojunking96	2022-12-17 04:00:14	2022-12-17 04:00:02	2022-12-17 08:47:03
193	hyee0715	https://github.com/hyee0715/java-menu.git	hyee0715	2022-12-17 04:39:29	2022-12-17 04:00:02	2022-12-17 08:28:33
192	jkroh1995	https://github.com/jkroh1995/java-menu.git	jkroh1995	2022-12-17 04:00:21	2022-12-17 04:00:02	2022-12-17 08:46:40
191	jolly-n	https://github.com/jolly-n/java-menu.git	jolly-n	2022-12-17 04:00:11	2022-12-17 04:00:02	2022-12-17 08:56:35
190	junheiLee	https://github.com/junheiLee/java-menu.git	junheiLee	2022-12-17 04:00:14	2022-12-17 04:00:02	2022-12-17 08:43:21
189	apptie	https://github.com/apptie/java-menu.git	apptie	2022-12-17 04:00:14	2022-12-17 04:00:02	2022-12-17 08:56:38
188	Go-Jaecheol	https://github.com/Go-Jaecheol/java-menu.git	Go-Jaecheol	2022-12-17 04:00:24	2022-12-17 04:00:02	2022-12-17 08:43:47
187	yujamint	https://github.com/yujamint/java-menu.git	yujamint	2022-12-17 04:00:39	2022-12-17 04:00:02	2022-12-17 08:54:57
186	KSH-beginner	https://github.com/KSH-beginner/java-menu.git	KSH-beginner	2022-12-17 04:00:09	2022-12-17 04:00:02	2022-12-17 08:52:40
185	Ha0Day	https://github.com/Ha0Day/java-menu.git	Ha0Day	2022-12-17 04:01:31	2022-12-17 04:00:02	2022-12-17 08:53:51
184	jyeost	https://github.com/jyeost/java-menu.git	jyeost	2022-12-17 04:00:48	2022-12-17 04:00:02	2022-12-17 08:55:10
183	K-jun98	https://github.com/K-jun98/java-menu.git	K-jun98	2022-12-17 04:00:12	2022-12-17 04:00:02	2022-12-17 08:52:15
182	jaehee329	https://github.com/jaehee329/java-menu.git	jaehee329	2022-12-17 04:00:16	2022-12-17 04:00:02	2022-12-17 08:55:32
181	gkdbssla97	https://github.com/gkdbssla97/java-menu.git	gkdbssla97	2022-12-17 04:00:12	2022-12-17 04:00:02	2022-12-17 08:59:14
180	sudo-dustle	https://github.com/sudo-dustle/java-menu.git	sudo-dustle	2022-12-17 04:00:28	2022-12-17 04:34:19	2022-12-17 08:47:57
179	mingseok	https://github.com/mingseok/java-menu.git	mingseok	2022-12-17 04:00:26	2022-12-17 04:00:02	2022-12-17 08:42:15
178	song-wooseok	https://github.com/song-wooseok/java-menu.git	song-wooseok	2022-12-17 04:00:50	2022-12-17 04:00:02	2022-12-17 08:54:19
177	ingpyo	https://github.com/ingpyo/java-menu.git	ingpyo	2022-12-17 04:00:10	2022-12-17 04:00:02	2022-12-17 08:50:24
176	newh08	https://github.com/newh08/java-menu.git	newh08	2022-12-17 04:00:26	2022-12-17 04:00:02	2022-12-17 08:54:04
175	aiaiaiai1	https://github.com/aiaiaiai1/java-menu.git	aiaiaiai1	2022-12-17 04:06:01	2022-12-17 04:00:02	2022-12-17 08:57:57
174	shb03323	https://github.com/shb03323/java-menu.git	shb03323	2022-12-17 04:00:33	2022-12-17 04:00:02	2022-12-17 08:53:07
173	hector-kim	https://github.com/hector-kim/java-menu.git	hector-kim	2022-12-17 04:00:18	2022-12-17 04:00:02	2022-12-17 08:48:57
172	cxxxtxxyxx	https://github.com/cxxxtxxyxx/java-menu.git	cxxxtxxyxx	2022-12-17 04:01:12	2022-12-17 04:00:02	2022-12-17 08:50:44
171	chaewon121	https://github.com/chaewon121/java-menu.git	chaewon121	2022-12-17 04:03:47	2022-12-17 04:00:02	2022-12-17 23:50:43
170	tkddls23	https://github.com/tkddls23/java-menu.git	tkddls23	2022-12-17 04:00:32	2022-12-17 04:00:02	2022-12-17 08:40:36
169	hodomaroo	https://github.com/hodomaroo/java-menu.git	hodomaroo	2022-12-17 04:00:28	2022-12-17 04:00:02	2022-12-17 08:57:42
168	BackFoxx	https://github.com/BackFoxx/java-menu.git	BackFoxx	2022-12-17 04:00:17	2022-12-17 04:00:02	2022-12-17 08:40:19
167	eunaJung01	https://github.com/eunaJung01/java-menu.git	eunaJung01	2022-12-17 08:32:44	2022-12-17 08:30:01	2022-12-17 08:41:02
166	ckn1070	https://github.com/ckn1070/java-menu.git	ckn1070	2022-12-17 04:01:03	2022-12-17 04:00:02	2022-12-17 08:57:16
165	godcoder-ohseungyun	https://github.com/godcoder-ohseungyun/java-menu.git	godcoder-ohseungyun	2022-12-17 04:00:17	2022-12-17 04:00:02	2022-12-17 08:55:34
164	kariskan	https://github.com/kariskan/java-menu.git	kariskan	2022-12-17 04:00:15	2022-12-17 04:00:02	2022-12-17 08:55:37
163	yoondgu	https://github.com/yoondgu/java-menu.git	yoondgu	2022-12-17 04:00:09	2022-12-17 04:00:02	2022-12-21 07:07:04
162	kiarakim	https://github.com/kiarakim/java-menu.git	kiarakim	2022-12-17 04:00:23	2022-12-17 04:00:02	2022-12-17 08:50:33
161	sangho-jeon	https://github.com/sangho-jeon/java-menu.git	sangho-jeon	2022-12-17 04:00:42	2022-12-17 04:00:02	2022-12-17 08:39:05
160	JH-web115	https://github.com/JH-web115/java-menu.git	JH-web115	2022-12-17 04:00:18	2022-12-17 04:00:02	2022-12-17 08:40:09
159	yeramcho	https://github.com/yeramcho/java-menu.git	yeramcho	2022-12-17 04:00:16	2022-12-17 04:00:02	2022-12-17 08:32:10
158	hyena0608	https://github.com/hyena0608/java-menu.git	hyena0608	2022-12-17 04:00:42	2022-12-17 04:00:02	2022-12-17 08:40:18
157	Gwonwoo-Nam	https://github.com/Gwonwoo-Nam/java-menu.git	Gwonwoo-Nam	2022-12-17 04:01:07	2022-12-17 06:38:38	2022-12-17 08:50:02
156	junpakPark	https://github.com/junpakPark/java-menu.git	junpakPark	2022-12-17 04:00:26	2022-12-17 04:00:02	2022-12-17 08:45:00
155	woo-chang	https://github.com/woo-chang/java-menu.git	woo-chang	2022-12-17 04:00:12	2022-12-17 04:00:02	2022-12-17 08:27:10
154	SproutMJ	https://github.com/SproutMJ/java-menu.git	SproutMJ	2022-12-17 04:00:23	2022-12-17 04:00:02	2022-12-17 08:38:31
153	seokhwan-an	https://github.com/seokhwan-an/java-menu.git	seokhwan-an	2022-12-17 04:00:17	2022-12-17 04:00:02	2022-12-17 08:56:00
152	horsehair	https://github.com/horsehair/java-menu.git	horsehair	2022-12-17 04:00:19	2022-12-17 04:00:02	2022-12-17 08:52:37
151	JJ503	https://github.com/JJ503/java-menu.git	JJ503	2022-12-17 04:00:12	2022-12-17 04:00:02	2022-12-17 09:15:08
150	LeeJejune	https://github.com/LeeJejune/java-menu.git	LeeJejune	2022-12-17 04:00:28	2022-12-17 04:00:02	2022-12-17 08:49:40
149	zeunala	https://github.com/zeunala/java-menu.git	zeunala	2022-12-17 04:00:20	2022-12-17 04:00:02	2022-12-17 08:37:05
147	ParkJungYoon	https://github.com/ParkJungYoon/java-menu.git	ParkJungYoon	2022-12-17 04:00:08	2022-12-17 08:44:51	2022-12-17 08:44:47
145	cpot5620	https://github.com/cpot5620/java-menu.git	cpot5620	2022-12-17 04:00:23	2022-12-17 08:35:37	2022-12-17 08:36:36
144	younghoondoodoom	https://github.com/younghoondoodoom/java-menu.git	younghoondoodoom	2022-12-17 04:00:24	2022-12-17 04:00:02	2022-12-17 08:54:03
143	parksey	https://github.com/parksey/java-menu.git	parksey	2022-12-17 04:00:15	2022-12-17 04:00:02	2022-12-17 08:54:42
142	SSuSG	https://github.com/SSuSG/java-menu.git	SSuSG	2022-12-17 04:01:36	2022-12-17 04:00:02	2022-12-17 08:37:12
141	hanueleee	https://github.com/hanueleee/java-menu.git	hanueleee	2022-12-17 04:00:12	2022-12-17 04:00:02	2022-12-17 08:20:35
140	CYC0227	https://github.com/CYC0227/java-menu.git	CYC0227	2022-12-17 04:00:11	2022-12-17 04:00:02	2022-12-17 08:37:10
139	thdwoqor	https://github.com/thdwoqor/java-menu.git	thdwoqor	2022-12-17 04:00:06	2022-12-17 04:00:02	2022-12-17 08:50:20
138	Jeeseob	https://github.com/Jeeseob/java-menu.git	develop	2022-12-17 04:00:08	2022-12-17 04:00:02	2022-12-17 08:25:59
137	shinyubin989	https://github.com/shinyubin989/java-menu.git	shinyubin989	2022-12-17 04:00:16	2022-12-17 04:00:02	2022-12-17 08:54:35
136	HubCreator	https://github.com/HubCreator/java-menu.git	HubCreator	2022-12-17 04:00:13	2022-12-17 08:11:25	2022-12-17 08:20:49
135	Amenable-C	https://github.com/Amenable-C/java-menu.git	Amenable-C	2022-12-17 04:00:20	2022-12-17 04:00:02	2022-12-17 08:35:48
134	EUNJEONGMUN	https://github.com/EUNJEONGMUN/java-menu.git	EUNJEONGMUN	2022-12-17 04:00:11	2022-12-17 04:00:02	2022-12-17 08:47:07
133	Haaae	https://github.com/Haaae/java-menu.git	haaae	2022-12-17 04:00:08	2022-12-17 04:00:02	2022-12-17 08:58:55
132	cmong0516	https://github.com/cmong0516/java-menu.git	cmong0516	2022-12-17 04:00:12	2022-12-17 04:00:02	2022-12-17 08:51:25
131	echo724	https://github.com/echo724/java-menu.git	echo724	2022-12-17 04:00:06	2022-12-17 04:00:02	2022-12-17 08:47:26
130	CFalws	https://github.com/CFalws/java-menu.git	CFalws	2022-12-17 04:05:44	2022-12-17 04:00:02	2022-12-17 08:59:54
129	moonstal1506	https://github.com/moonstal1506/java-menu.git	moonstal1506	2022-12-17 04:00:18	2022-12-17 04:00:02	2022-12-17 08:54:27
128	sangeun-b	https://github.com/sangeun-b/java-menu.git	sangeun-b	2022-12-17 04:00:30	2022-12-17 04:00:02	2022-12-17 08:52:25
127	kogibeom	https://github.com/kogibeom/java-menu.git	kogibeom	2022-12-17 04:02:21	2022-12-17 04:00:02	2022-12-17 08:33:06
126	shyjnnn	https://github.com/shyjnnn/java-menu.git	shyjnnn	2022-12-17 04:00:20	2022-12-17 04:00:02	2022-12-17 08:57:55
125	JeonghakLee	https://github.com/JeonghakLee/java-menu.git	JeonghakLee	2022-12-17 04:00:14	2022-12-17 04:00:02	2022-12-17 08:54:34
124	YoosunMoon	https://github.com/YoosunMoon/java-menu.git	YoosunMoon	2022-12-17 04:00:23	2022-12-17 04:00:02	2022-12-17 08:55:51
123	wugawuga	https://github.com/wugawuga/java-menu.git	wugawuga	2022-12-17 04:02:51	2022-12-17 04:00:02	2022-12-17 08:48:53
122	zillionme	https://github.com/zillionme/java-menu.git	zillionme	2022-12-17 04:00:13	2022-12-17 04:00:02	2022-12-17 08:35:26
121	pdot715	https://github.com/pdot715/java-menu.git	pdot715	2022-12-17 04:00:14	2022-12-17 04:00:02	2022-12-17 08:29:09
120	kdkdhoho	https://github.com/kdkdhoho/java-menu.git	kdkdhoho	2022-12-17 04:00:15	2022-12-17 08:40:59	2022-12-17 08:53:45
119	LimHeeSang	https://github.com/LimHeeSang/java-menu.git	LimHeeSang	2022-12-17 04:00:17	2022-12-17 04:00:02	2022-12-17 08:44:34
118	opuopuo	https://github.com/opuopuo/java-menu.git	opuopuo	2022-12-17 04:00:09	2022-12-17 04:00:02	2022-12-17 14:00:03
117	cookienc	https://github.com/cookienc/java-menu.git	cookienc	2022-12-17 04:00:13	2022-12-17 04:00:02	2022-12-17 08:56:23
116	kgpksh	https://github.com/kgpksh/java-menu.git	kgpksh	2022-12-17 04:01:52	2022-12-17 04:00:02	2022-12-17 08:56:09
115	Egenieee	https://github.com/Egenieee/java-menu.git	egenieee	2022-12-17 04:00:49	2022-12-17 04:00:02	2022-12-17 08:52:47
114	yeonkkk	https://github.com/yeonkkk/java-menu.git	yeonkkk	2022-12-17 04:00:17	2022-12-17 04:00:02	2022-12-17 08:38:45
113	Cyma-s	https://github.com/Cyma-s/java-menu.git	Cyma-s	2022-12-17 04:00:15	2022-12-17 04:00:02	2022-12-17 08:53:55
112	dlwjddn123	https://github.com/dlwjddn123/java-menu.git	dlwjddn123	2022-12-17 04:00:13	2022-12-17 04:00:02	2022-12-17 08:34:19
111	ShinDongHun1	https://github.com/ShinDongHun1/java-menu.git	ShinDongHun1	2022-12-17 04:01:10	2022-12-17 04:00:02	2022-12-17 08:51:38
110	hyun-seung	https://github.com/hyun-seung/java-menu.git	hyun-seung	2022-12-17 04:01:43	2022-12-17 08:10:48	2022-12-17 08:57:12
109	ESeokhwan	https://github.com/ESeokhwan/java-menu.git	ESeokhwan	2022-12-17 04:00:20	2022-12-17 04:00:02	2022-12-17 09:00:01
108	hgo641	https://github.com/hgo641/java-menu.git	hgo641	2022-12-17 04:00:24	2022-12-17 04:00:02	2022-12-17 08:48:35
107	kimdahee0815	https://github.com/kimdahee0815/java-menu.git	kimdahee0815	2022-12-17 04:30:20	2022-12-17 04:00:02	2022-12-17 08:59:37
106	splitube	https://github.com/splitube/java-menu.git	splitube	2022-12-17 04:00:22	2022-12-17 04:00:02	2022-12-17 08:58:20
105	castlejun-2	https://github.com/castlejun-2/java-menu.git	castlejun-2	2022-12-17 04:00:20	2022-12-17 04:00:02	2022-12-17 08:31:51
104	dooboocookie	https://github.com/dooboocookie/java-menu.git	dooboocookie	2022-12-17 04:00:15	2022-12-17 04:00:02	2022-12-17 08:55:21
103	WhalesBob	https://github.com/WhalesBob/java-menu.git	WhalesBob	2022-12-17 04:00:14	2022-12-17 04:00:02	2022-12-17 08:55:19
102	the9kim	https://github.com/the9kim/java-menu.git	the9kim	2022-12-17 04:00:21	2022-12-17 04:00:02	2022-12-17 08:50:33
101	ParangBird	https://github.com/ParangBird/java-menu.git	ParangBird	2022-12-17 04:00:26	2022-12-17 04:00:02	2022-12-17 08:14:52
100	iyk2h	https://github.com/iyk2h/java-menu.git	iyk2h	2022-12-17 04:00:09	2022-12-17 04:00:02	2022-12-17 08:56:38
99	solesie	https://github.com/solesie/java-menu.git	solesie	2022-12-17 04:00:30	2022-12-17 04:00:02	2022-12-17 08:26:42
98	MoonJeWoong	https://github.com/MoonJeWoong/java-menu.git	MoonJeWoong	2022-12-17 04:00:22	2022-12-17 04:00:02	2022-12-17 08:50:32
97	Cl8D	https://github.com/Cl8D/java-menu.git	Cl8D	2022-12-17 04:00:16	2022-12-17 04:00:02	2022-12-17 08:55:32
96	kpeel5839	https://github.com/kpeel5839/java-menu.git	kpeel5839	2022-12-17 04:00:10	2022-12-17 04:00:02	2022-12-17 08:33:04
95	jundonghyuk	https://github.com/jundonghyuk/java-menu.git	jundonghyuk	2022-12-17 04:00:21	2022-12-17 04:39:26	2022-12-17 08:31:51
94	green-kong	https://github.com/green-kong/java-menu.git	green-kong	2022-12-17 04:00:15	2022-12-17 04:00:02	2022-12-17 08:47:40
93	iamminho	https://github.com/iamminho/java-menu.git	iamminho	2022-12-17 04:00:09	2022-12-17 04:00:02	2022-12-17 08:31:34
92	bjk1649	https://github.com/bjk1649/java-menu.git	bjk1649	2022-12-17 04:00:09	2022-12-17 04:00:02	2022-12-17 08:52:33
91	TaeyeonRoyce	https://github.com/TaeyeonRoyce/java-menu.git	TaeyeonRoyce	2022-12-17 04:00:12	2022-12-17 04:00:02	2022-12-17 08:45:02
90	kwYoohae	https://github.com/kwYoohae/java-menu.git	kwYoohae	2022-12-17 04:00:13	2022-12-17 04:00:02	2022-12-17 08:48:32
89	parkmuhyeun	https://github.com/parkmuhyeun/java-menu.git	parkmuhyeun	2022-12-17 04:00:07	2022-12-17 04:00:02	2022-12-17 08:42:32
88	VicReznov	https://github.com/VicReznov/java-menu.git	VicReznov	2022-12-17 04:00:23	2022-12-17 06:03:02	2022-12-17 08:54:10
87	LHS-11	https://github.com/LHS-11/java-menu.git	LHS-11	2022-12-17 04:00:16	2022-12-17 04:00:02	2022-12-17 08:52:33
86	hum02	https://github.com/hum02/java-menu.git	hum02	2022-12-17 04:00:14	2022-12-17 04:00:02	2022-12-17 08:48:14
85	sonsoowon	https://github.com/sonsoowon/java-menu.git	sonsoowon	2022-12-17 04:00:09	2022-12-17 04:00:02	2022-12-17 08:48:19
84	aksmf1442	https://github.com/aksmf1442/java-menu.git	aksmf1442	2022-12-17 04:00:06	2022-12-17 04:00:02	2022-12-17 08:37:43
83	wkdghdwns199	https://github.com/wkdghdwns199/java-menu.git	main	2022-12-17 04:00:18	2022-12-17 08:32:32	2022-12-17 08:53:00
82	juhee77	https://github.com/juhee77/java-menu.git	juhee77	2022-12-17 04:00:29	2022-12-17 04:00:02	2022-12-17 08:46:14
81	junbeom-Son	https://github.com/junbeom-Son/java-menu.git	junbeom-Son	2022-12-17 04:00:21	2022-12-17 04:00:02	2022-12-17 08:38:49
80	PgmJun	https://github.com/PgmJun/java-menu.git	PgmJun	2022-12-17 04:00:25	2022-12-17 04:00:02	2022-12-17 08:32:56
79	miseongk	https://github.com/miseongk/java-menu.git	miseongk	2022-12-17 04:01:35	2022-12-17 04:00:02	2022-12-17 08:51:44
78	bmong4mong0318	https://github.com/bmong4mong0318/java-menu.git	bmong4mong0318	2022-12-17 04:00:13	2022-12-17 04:00:02	2022-12-17 08:58:22
77	odo27	https://github.com/odo27/java-menu.git	odo27	2022-12-17 04:00:18	2022-12-17 04:00:02	2022-12-17 08:56:22
76	somsom13	https://github.com/somsom13/java-menu.git	somsom13	2022-12-17 04:00:17	2022-12-17 04:00:02	2022-12-17 08:41:15
75	saint6839	https://github.com/saint6839/java-menu.git	saint6839	2022-12-17 04:00:13	2022-12-17 04:00:02	2022-12-17 08:32:31
74	GIVEN53	https://github.com/GIVEN53/java-menu.git	GIVEN53	2022-12-17 04:00:12	2022-12-17 04:00:02	2022-12-17 08:56:32
73	BGuga	https://github.com/BGuga/java-menu.git	BGuga	2022-12-17 04:00:17	2022-12-17 04:00:02	2022-12-17 08:25:26
72	eun-byeol	https://github.com/eun-byeol/java-menu.git	eun-byeol	2022-12-17 04:00:12	2022-12-17 04:00:02	2022-12-17 08:59:15
71	Choi-JJunho	https://github.com/Choi-JJunho/java-menu.git	Choi-JJunho	2022-12-17 04:00:16	2022-12-17 04:00:02	2022-12-17 08:50:44
70	signalman	https://github.com/signalman/java-menu.git	signalman	2022-12-17 04:00:24	2022-12-17 04:00:02	2022-12-17 08:54:22
69	Jeongho0805	https://github.com/Jeongho0805/java-menu.git	Jeongho0805	2022-12-17 04:00:48	2022-12-17 04:00:02	2022-12-17 08:30:43
68	tjdtls690	https://github.com/tjdtls690/java-menu.git	tjdtls690	2022-12-17 04:00:09	2022-12-17 04:00:02	2022-12-17 08:56:38
67	soyunim	https://github.com/soyunim/java-menu.git	soyunim	2022-12-17 04:17:58	2022-12-17 04:00:02	2022-12-17 08:52:47
66	waterricecake	https://github.com/waterricecake/java-menu.git	waterricecake	2022-12-17 04:09:19	2022-12-17 04:00:02	2022-12-17 08:58:26
65	kokodak	https://github.com/kokodak/java-menu.git	kokodak	2022-12-17 04:00:17	2022-12-17 04:00:02	2022-12-17 08:49:24
64	mcodnjs	https://github.com/mcodnjs/java-menu.git	mcodnjs	2022-12-17 04:00:30	2022-12-17 04:00:02	2022-12-17 08:54:09
63	jojaeng2	https://github.com/jojaeng2/java-menu.git	jojaeng2	2022-12-17 04:00:30	2022-12-17 04:00:02	2022-12-17 08:48:37
62	great-park	https://github.com/great-park/java-menu.git	great-park	2022-12-17 04:00:30	2022-12-21 05:26:33	2022-12-17 08:53:06
61	Hyeonjae-K	https://github.com/Hyeonjae-K/java-menu.git	Hyeonjae-K	2022-12-17 04:01:05	2022-12-17 04:00:02	2022-12-17 08:15:04
60	pilyang	https://github.com/pilyang/java-menu.git	pilyang	2022-12-17 04:00:40	2022-12-17 04:00:02	2022-12-17 08:51:35
59	woosung1223	https://github.com/woosung1223/java-menu.git	woosung1223	2022-12-17 04:00:31	2022-12-17 04:00:02	2022-12-17 08:27:28
58	Combi153	https://github.com/Combi153/java-menu.git	Combi153	2022-12-17 04:00:18	2022-12-17 04:00:02	2022-12-17 08:59:49
57	reddevilmidzy	https://github.com/reddevilmidzy/java-menu.git	reddevilmidzy	2022-12-17 04:00:21	2022-12-17 04:00:02	2022-12-17 08:53:57
56	amaran-th	https://github.com/amaran-th/java-menu.git	amaran-th	2022-12-17 04:00:11	2022-12-17 04:00:02	2022-12-17 08:43:00
55	JoSihun	https://github.com/JoSihun/java-menu.git	JoSihun	2022-12-17 04:01:27	2022-12-17 04:00:02	2022-12-17 08:52:31
54	0chil	https://github.com/0chil/java-menu.git	main	2022-12-17 04:00:12	2022-12-17 08:31:18	2022-12-17 08:45:25
52	kevstevie	https://github.com/kevstevie/java-menu.git	kevstevie	2022-12-17 04:00:19	2022-12-17 04:00:02	2022-12-17 08:34:16
51	HiiWee	https://github.com/HiiWee/java-menu.git	HiiWee	2022-12-17 04:00:16	2022-12-17 04:00:02	2022-12-17 10:19:06
49	Jaeyoung222	https://github.com/Jaeyoung222/java-menu.git	Jaeyoung222	2022-12-17 04:00:09	2022-12-17 04:00:02	2022-12-17 08:56:08
48	Kim0914	https://github.com/Kim0914/java-menu.git	Kim0914	2022-12-17 04:00:08	2022-12-17 04:00:02	2022-12-17 08:47:32
47	hectick	https://github.com/hectick/java-menu.git	hectick	2022-12-17 04:00:16	2022-12-17 05:10:35	2022-12-17 08:45:37
46	java-saeng	https://github.com/java-saeng/java-menu.git	java-saeng	2022-12-17 04:00:14	2022-12-17 04:00:02	2022-12-17 08:51:59
45	chosunghyun18	https://github.com/chosunghyun18/java-menu.git	chosunghyun18	2022-12-17 04:00:15	2022-12-17 04:22:19	2022-12-17 08:58:40
44	skydreamer21	https://github.com/skydreamer21/java-menu.git	skydreamer21	2022-12-17 04:00:17	2022-12-17 08:40:45	2022-12-17 08:52:45
43	jjongwa	https://github.com/jjongwa/java-menu.git	jjongwa	2022-12-17 04:00:10	2022-12-17 04:00:02	2022-12-17 08:37:49
42	eunkeeee	https://github.com/eunkeeee/java-menu.git	eunkeeee	2022-12-17 04:00:12	2022-12-17 04:00:02	2022-12-17 08:51:10
41	bumstead-bumstead	https://github.com/bumstead-bumstead/java-menu.git	bumstead-bumstead	2022-12-17 04:00:09	2022-12-17 04:00:02	2022-12-17 08:30:08
40	carsago	https://github.com/carsago/java-menu.git	carsago	2022-12-17 04:00:10	2022-12-17 04:00:02	2022-12-17 08:56:19
39	iamjooon2	https://github.com/iamjooon2/java-menu.git	iamjooon2	2022-12-17 04:00:10	2022-12-17 04:00:02	2022-12-17 08:58:43
38	dlwnsgus07	https://github.com/dlwnsgus07/java-menu.git	dlwnsgus07	2022-12-17 04:00:18	2022-12-17 04:00:02	2022-12-17 08:34:08
37	JuSeong1130	https://github.com/JuSeong1130/java-menu.git	JuSeong1130	2022-12-17 04:00:15	2022-12-17 04:00:02	2022-12-17 08:52:50
36	drunkenhw	https://github.com/drunkenhw/java-menu.git	drunkenhw	2022-12-17 04:00:05	2022-12-17 04:00:02	2022-12-17 08:52:17
35	be-student	https://github.com/be-student/java-menu.git	be-student	2022-12-17 04:00:09	2022-12-17 04:00:02	2022-12-17 08:50:41
34	seocho507	https://github.com/seocho507/java-menu.git	seocho507	2022-12-17 04:01:10	2022-12-17 04:00:02	2022-12-17 08:30:52
33	hong-sile	https://github.com/hong-sile/java-menu.git	hong-sile	2022-12-17 04:00:54	2022-12-17 04:00:02	2022-12-17 08:59:26
32	khabh	https://github.com/khabh/java-menu.git	khabh	2022-12-17 04:00:15	2022-12-17 04:00:02	2022-12-17 08:30:58
31	xxeol2	https://github.com/xxeol2/java-menu.git	xxeol2	2022-12-17 04:00:11	2022-12-17 04:00:02	2022-12-17 13:07:08
30	swonny	https://github.com/swonny/java-menu.git	swonny	2022-12-17 04:00:09	2022-12-17 04:00:02	2022-12-17 08:55:21
29	Longstick0	https://github.com/Longstick0/java-menu.git	longstick0	2022-12-17 04:00:27	2022-12-17 04:06:11	2022-12-17 08:58:44
28	yummygyudon	https://github.com/yummygyudon/java-menu.git	yummygyudon	2022-12-17 04:01:15	2022-12-17 04:00:02	2022-12-21 06:09:15
27	wonyongChoi05	https://github.com/wonyongChoi05/java-menu.git	wonyongChoi05	2022-12-17 04:02:23	2022-12-17 05:06:58	2022-12-17 08:30:07
26	wnsgml7267	https://github.com/wnsgml7267/java-menu.git	wnsgml7267	2022-12-17 04:01:20	2022-12-17 04:00:02	2022-12-17 08:54:40
25	70825	https://github.com/70825/java-menu.git	70825	2022-12-17 04:00:05	2022-12-17 08:30:54	2022-12-17 08:30:34
24	youngh0	https://github.com/youngh0/java-menu.git	youngh0	2022-12-17 04:00:14	2022-12-17 04:00:02	2022-12-19 15:30:39
23	Ohjintaek	https://github.com/Ohjintaek/java-menu.git	Ohjintaek	2022-12-17 04:00:20	2022-12-17 04:00:02	2022-12-17 08:21:51
22	jeomxon	https://github.com/jeomxon/java-menu.git	jeomxon	2022-12-17 04:00:15	2022-12-17 04:00:02	2022-12-17 08:51:49
21	jung-woo-kim	https://github.com/jung-woo-kim/java-menu.git	jung-woo-kim	2022-12-17 04:00:16	2022-12-17 04:00:02	2022-12-17 08:20:12
20	yenawee	https://github.com/yenawee/java-menu.git	yenawee	2022-12-17 04:00:49	2022-12-17 04:00:02	2022-12-17 08:07:16
19	kong-hana01	https://github.com/kong-hana01/java-menu.git	main	2022-12-17 04:00:20	2022-12-17 08:30:41	2022-12-17 08:54:24
18	ShinjaeKwon	https://github.com/ShinjaeKwon/java-menu.git	ShinjaeKwon	2022-12-17 04:00:11	2022-12-17 08:00:07	2022-12-17 08:27:25
17	rawfishthelgh	https://github.com/rawfishthelgh/java-menu.git	rawfishthelgh	2022-12-17 04:00:16	2022-12-17 04:00:02	2022-12-17 08:30:34
16	ezzanzzan	https://github.com/ezzanzzan/java-menu.git	ezzanzzan	2022-12-17 04:00:33	2022-12-17 04:00:02	2022-12-17 08:26:09
15	sunwng	https://github.com/sunwng/java-menu.git	sunwng	2022-12-17 04:01:30	2022-12-17 04:00:02	2022-12-17 07:46:11
14	khsrla9806	https://github.com/khsrla9806/java-menu.git	kimhunsope	2022-12-17 04:00:31	2022-12-17 04:00:02	2022-12-17 08:14:12
13	This2sho	https://github.com/This2sho/java-menu.git	This2sho	2022-12-17 04:00:10	2022-12-17 04:00:02	2022-12-17 08:23:28
12	greeng00se	https://github.com/greeng00se/java-menu.git	greeng00se	2022-12-17 04:00:06	2022-12-17 04:00:02	2022-12-17 08:19:34
10	eunbii0213	https://github.com/eunbii0213/java-menu.git	eunbii0213	2022-12-17 04:00:09	2022-12-17 04:12:12	2022-12-17 08:50:10
9	nuyh99	https://github.com/nuyh99/java-menu.git	nuyh99	2022-12-17 04:00:16	2022-12-17 04:00:02	2022-12-17 08:19:04
8	LJW25	https://github.com/LJW25/java-menu.git	LJW25	2022-12-17 04:00:15	2022-12-17 04:00:02	2022-12-17 08:47:09
7	minaver	https://github.com/minaver/java-menu.git	minaver	2022-12-17 04:00:13	2022-12-17 04:00:02	2022-12-17 08:42:24
6	starwook	https://github.com/starwook/java-menu.git	main	2022-12-17 04:00:12	2022-12-17 08:06:16	2022-12-17 08:49:24
5	kyY00n	https://github.com/kyY00n/java-menu.git	kyY00n	2022-12-17 04:00:24	2022-12-17 04:00:02	2022-12-17 08:30:51
4	sosow0212	https://github.com/sosow0212/java-menu.git	sosow0212	2022-12-17 04:00:08	2022-12-17 06:16:07	2022-12-17 08:41:56
3	CAEL0	https://github.com/CAEL0/java-menu.git	CAEL0	2022-12-17 04:00:13	2022-12-17 04:00:02	2022-12-17 08:46:33
1	aak2075	https://github.com/aak2075/java-menu.git	aak2075	2022-12-17 04:00:14	2022-12-17 04:00:02	2022-12-17 08:49:11
